status, source address, destination address, ttl, payload, FailureCondition
1, 2, 4, 18, Round 0
1, 0, 4, 18, Round 0
1, 1, 4, 18, Round 0
1, 1, 4, 18, Round 1
1, 2, 4, 18, Round 1
0, 2, 4, 18, Round 5, QUEUE_OVERFLOW
0, 0, 4, 18, Round 5, QUEUE_OVERFLOW
0, 1, 4, 18, Round 5, QUEUE_OVERFLOW
1, 0, 4, 18, Round 1
0, 1, 4, 18, Round 6, QUEUE_OVERFLOW
1, 1, 4, 18, Round 2
0, 0, 4, 18, Round 7, QUEUE_OVERFLOW
1, 2, 4, 18, Round 2
0, 2, 4, 18, Round 7, QUEUE_OVERFLOW
0, 1, 4, 18, Round 8, QUEUE_OVERFLOW
0, 2, 4, 18, Round 8, QUEUE_OVERFLOW
1, 0, 4, 18, Round 2
0, 0, 4, 18, Round 9, QUEUE_OVERFLOW
0, 2, 4, 18, Round 9, QUEUE_OVERFLOW
0, 1, 4, 18, Round 9, QUEUE_OVERFLOW
1, 0, 4, 18, Round 3
0, 0, 4, 18, Round 10, QUEUE_OVERFLOW
1, 2, 4, 18, Round 3
0, 1, 4, 18, Round 11, QUEUE_OVERFLOW
0, 2, 4, 18, Round 11, QUEUE_OVERFLOW
1, 1, 4, 18, Round 3
0, 2, 4, 18, Round 12, QUEUE_OVERFLOW
1, 2, 4, 18, Round 4
0, 0, 4, 18, Round 12, QUEUE_OVERFLOW
0, 1, 4, 18, Round 13, QUEUE_OVERFLOW
0, 2, 4, 18, Round 13, QUEUE_OVERFLOW
1, 0, 4, 18, Round 4
0, 2, 4, 18, Round 14, QUEUE_OVERFLOW
0, 1, 4, 18, Round 14, QUEUE_OVERFLOW
1, 1, 4, 18, Round 4
0, 0, 4, 18, Round 15, QUEUE_OVERFLOW
0, 2, 4, 18, Round 15, QUEUE_OVERFLOW
0, 1, 4, 18, Round 15, QUEUE_OVERFLOW
1, 0, 4, 18, Round 6
0, 1, 4, 18, Round 16, QUEUE_OVERFLOW
1, 2, 4, 18, Round 6
1, 1, 4, 18, Round 7
0, 0, 4, 18, Round 17, QUEUE_OVERFLOW
0, 1, 4, 18, Round 17, QUEUE_OVERFLOW
0, 0, 4, 18, Round 18, QUEUE_OVERFLOW
0, 1, 4, 18, Round 18, QUEUE_OVERFLOW
1, 0, 4, 18, Round 8
0, 1, 4, 18, Round 19, QUEUE_OVERFLOW
1, 2, 4, 18, Round 10
0, 2, 4, 18, Round 19, QUEUE_OVERFLOW
0, 0, 4, 18, Round 20, QUEUE_OVERFLOW
1, 1, 4, 18, Round 10
0, 2, 4, 18, Round 20, QUEUE_OVERFLOW
0, 2, 4, 18, Round 21, QUEUE_OVERFLOW
0, 0, 4, 18, Round 21, QUEUE_OVERFLOW
0, 1, 4, 18, Round 21, QUEUE_OVERFLOW
1, 0, 4, 18, Round 11
1, 1, 4, 18, Round 12
0, 0, 4, 18, Round 22, QUEUE_OVERFLOW
0, 2, 4, 18, Round 23, QUEUE_OVERFLOW
0, 1, 4, 18, Round 23, QUEUE_OVERFLOW
1, 0, 4, 18, Round 13
1, 0, 4, 18, Round 14
0, 2, 4, 18, Round 24, QUEUE_OVERFLOW
0, 1, 4, 18, Round 24, QUEUE_OVERFLOW
1, 2, 4, 18, Round 16
0, 2, 4, 18, Round 25, QUEUE_OVERFLOW
0, 0, 4, 18, Round 25, QUEUE_OVERFLOW
0, 0, 4, 18, Round 26, QUEUE_OVERFLOW
0, 1, 4, 18, Round 26, QUEUE_OVERFLOW
0, 2, 4, 18, Round 26, QUEUE_OVERFLOW
1, 0, 4, 18, Round 16
1, 2, 4, 18, Round 17
0, 0, 4, 18, Round 27, QUEUE_OVERFLOW
0, 1, 4, 18, Round 28, QUEUE_OVERFLOW
1, 2, 4, 18, Round 18
0, 0, 4, 18, Round 28, QUEUE_OVERFLOW
1, 0, 4, 18, Round 19
0, 2, 4, 18, Round 29, QUEUE_OVERFLOW
0, 1, 4, 18, Round 29, QUEUE_OVERFLOW
0, 2, 4, 18, Round 30, QUEUE_OVERFLOW
0, 1, 4, 18, Round 30, QUEUE_OVERFLOW
1, 1, 4, 18, Round 20
0, 2, 4, 18, Round 31, QUEUE_OVERFLOW
0, 0, 4, 18, Round 31, QUEUE_OVERFLOW
0, 1, 4, 18, Round 31, QUEUE_OVERFLOW
1, 1, 4, 18, Round 22
0, 0, 4, 18, Round 32, QUEUE_OVERFLOW
0, 2, 4, 18, Round 32, QUEUE_OVERFLOW
1, 2, 4, 18, Round 22
1, 0, 4, 18, Round 23
0, 0, 4, 18, Round 33, QUEUE_OVERFLOW
0, 2, 4, 18, Round 34, QUEUE_OVERFLOW
0, 0, 4, 18, Round 34, QUEUE_OVERFLOW
1, 0, 4, 18, Round 24
0, 0, 4, 18, Round 35, QUEUE_OVERFLOW
0, 1, 4, 18, Round 35, QUEUE_OVERFLOW
0, 2, 4, 18, Round 35, QUEUE_OVERFLOW
1, 1, 4, 18, Round 25
0, 2, 4, 18, Round 36, QUEUE_OVERFLOW
0, 1, 4, 18, Round 36, QUEUE_OVERFLOW
1, 1, 4, 18, Round 27
0, 1, 4, 18, Round 37, QUEUE_OVERFLOW
0, 0, 4, 18, Round 37, QUEUE_OVERFLOW
1, 2, 4, 18, Round 27
0, 0, 4, 18, Round 38, QUEUE_OVERFLOW
1, 2, 4, 18, Round 28
0, 2, 4, 18, Round 39, QUEUE_OVERFLOW
0, 1, 4, 18, Round 39, QUEUE_OVERFLOW
0, 0, 4, 18, Round 39, QUEUE_OVERFLOW
1, 0, 4, 18, Round 29
0, 1, 4, 18, Round 40, QUEUE_OVERFLOW
1, 0, 4, 18, Round 30
1, 1, 4, 18, Round 32
0, 2, 4, 18, Round 41, QUEUE_OVERFLOW
0, 1, 4, 18, Round 41, QUEUE_OVERFLOW
0, 0, 4, 18, Round 42, QUEUE_OVERFLOW
0, 1, 4, 18, Round 42, QUEUE_OVERFLOW
1, 2, 4, 18, Round 33
0, 0, 4, 18, Round 43, QUEUE_OVERFLOW
1, 1, 4, 18, Round 33
0, 2, 4, 18, Round 43, QUEUE_OVERFLOW
1, 1, 4, 18, Round 34
0, 2, 4, 18, Round 44, QUEUE_OVERFLOW
0, 0, 4, 18, Round 44, QUEUE_OVERFLOW
1, 0, 4, 18, Round 36
0, 1, 4, 18, Round 45, QUEUE_OVERFLOW
0, 2, 4, 18, Round 45, QUEUE_OVERFLOW
1, 2, 4, 18, Round 37
0, 2, 4, 18, Round 46, QUEUE_OVERFLOW
0, 0, 4, 18, Round 46, QUEUE_OVERFLOW
0, 1, 4, 18, Round 47, QUEUE_OVERFLOW
0, 2, 4, 18, Round 47, QUEUE_OVERFLOW
1, 1, 4, 18, Round 38
0, 2, 4, 18, Round 48, QUEUE_OVERFLOW
1, 2, 4, 18, Round 38
0, 1, 4, 18, Round 48, QUEUE_OVERFLOW
1, 2, 4, 18, Round 40
0, 2, 4, 18, Round 49, QUEUE_OVERFLOW
0, 0, 4, 18, Round 49, QUEUE_OVERFLOW
1, 0, 4, 18, Round 40
0, 1, 4, 18, Round 50, QUEUE_OVERFLOW
0, 0, 4, 18, Round 50, QUEUE_OVERFLOW
1, 0, 4, 18, Round 41
0, 2, 4, 18, Round 51, QUEUE_OVERFLOW
0, 1, 4, 18, Round 51, QUEUE_OVERFLOW
1, 2, 4, 18, Round 42
0, 0, 4, 18, Round 52, QUEUE_OVERFLOW
0, 1, 4, 18, Round 52, QUEUE_OVERFLOW
1, 1, 4, 18, Round 43
0, 2, 4, 18, Round 53, QUEUE_OVERFLOW
0, 1, 4, 18, Round 53, QUEUE_OVERFLOW
0, 1, 4, 18, Round 54, QUEUE_OVERFLOW
1, 1, 4, 18, Round 44
0, 0, 4, 18, Round 54, QUEUE_OVERFLOW
0, 0, 4, 18, Round 55, QUEUE_OVERFLOW
0, 2, 4, 18, Round 55, QUEUE_OVERFLOW
0, 1, 4, 18, Round 55, QUEUE_OVERFLOW
1, 0, 4, 18, Round 45
1, 1, 4, 18, Round 46
0, 1, 4, 18, Round 56, QUEUE_OVERFLOW
1, 0, 4, 18, Round 47
0, 1, 4, 18, Round 57, QUEUE_OVERFLOW
0, 0, 4, 18, Round 57, QUEUE_OVERFLOW
0, 2, 4, 18, Round 58, QUEUE_OVERFLOW
1, 0, 4, 18, Round 48
0, 0, 4, 18, Round 58, QUEUE_OVERFLOW
0, 1, 4, 18, Round 59, QUEUE_OVERFLOW
0, 0, 4, 18, Round 59, QUEUE_OVERFLOW
1, 1, 4, 18, Round 49
0, 0, 4, 18, Round 60, QUEUE_OVERFLOW
0, 1, 4, 18, Round 60, QUEUE_OVERFLOW
1, 2, 4, 18, Round 50
0, 2, 4, 18, Round 61, QUEUE_OVERFLOW
0, 1, 4, 18, Round 61, QUEUE_OVERFLOW
0, 0, 4, 18, Round 61, QUEUE_OVERFLOW
1, 0, 4, 18, Round 51
1, 2, 4, 18, Round 52
0, 0, 4, 18, Round 62, QUEUE_OVERFLOW
0, 0, 4, 18, Round 63, QUEUE_OVERFLOW
1, 0, 4, 18, Round 53
0, 1, 4, 18, Round 63, QUEUE_OVERFLOW
0, 1, 4, 18, Round 64, QUEUE_OVERFLOW
0, 2, 4, 18, Round 64, QUEUE_OVERFLOW
0, 0, 4, 18, Round 64, QUEUE_OVERFLOW
1, 2, 4, 18, Round 54
0, 0, 4, 18, Round 65, QUEUE_OVERFLOW
0, 1, 4, 18, Round 65, QUEUE_OVERFLOW
1, 0, 4, 18, Round 56
0, 2, 4, 18, Round 66, QUEUE_OVERFLOW
1, 2, 4, 18, Round 56
0, 2, 4, 18, Round 67, QUEUE_OVERFLOW
0, 0, 4, 18, Round 67, QUEUE_OVERFLOW
0, 1, 4, 18, Round 67, QUEUE_OVERFLOW
1, 2, 4, 18, Round 57
1, 1, 4, 18, Round 58
0, 1, 4, 18, Round 68, QUEUE_OVERFLOW
0, 1, 4, 18, Round 69, QUEUE_OVERFLOW
0, 0, 4, 18, Round 69, QUEUE_OVERFLOW
0, 2, 4, 18, Round 69, QUEUE_OVERFLOW
1, 2, 4, 18, Round 59
0, 0, 4, 18, Round 70, QUEUE_OVERFLOW
0, 2, 4, 18, Round 70, QUEUE_OVERFLOW
1, 2, 4, 18, Round 60
0, 0, 4, 18, Round 71, QUEUE_OVERFLOW
1, 1, 4, 18, Round 62
0, 2, 4, 18, Round 72, QUEUE_OVERFLOW
1, 2, 4, 18, Round 62
0, 1, 4, 18, Round 72, QUEUE_OVERFLOW
0, 2, 4, 18, Round 73, QUEUE_OVERFLOW
0, 1, 4, 18, Round 73, QUEUE_OVERFLOW
0, 0, 4, 18, Round 73, QUEUE_OVERFLOW
1, 2, 4, 18, Round 63
0, 2, 4, 18, Round 74, QUEUE_OVERFLOW
0, 1, 4, 18, Round 74, QUEUE_OVERFLOW
1, 2, 4, 18, Round 65
0, 2, 4, 18, Round 75, QUEUE_OVERFLOW
1, 0, 4, 18, Round 66
0, 0, 4, 18, Round 76, QUEUE_OVERFLOW
0, 1, 4, 18, Round 76, QUEUE_OVERFLOW
1, 1, 4, 18, Round 66
0, 1, 4, 18, Round 77, QUEUE_OVERFLOW
0, 2, 4, 18, Round 77, QUEUE_OVERFLOW
1, 2, 4, 18, Round 68
0, 1, 4, 18, Round 78, QUEUE_OVERFLOW
1, 0, 4, 18, Round 68
0, 2, 4, 18, Round 78, QUEUE_OVERFLOW
1, 1, 4, 18, Round 70
0, 1, 4, 18, Round 79, QUEUE_OVERFLOW
0, 2, 4, 18, Round 79, QUEUE_OVERFLOW
0, 2, 4, 18, Round 80, QUEUE_OVERFLOW
0, 1, 4, 18, Round 80, QUEUE_OVERFLOW
1, 1, 4, 18, Round 71
0, 1, 4, 18, Round 81, QUEUE_OVERFLOW
0, 2, 4, 18, Round 81, QUEUE_OVERFLOW
0, 0, 4, 18, Round 81, QUEUE_OVERFLOW
1, 2, 4, 18, Round 71
1, 0, 4, 18, Round 72
0, 2, 4, 18, Round 82, QUEUE_OVERFLOW
0, 1, 4, 18, Round 83, QUEUE_OVERFLOW
1, 0, 4, 18, Round 74
0, 0, 4, 18, Round 83, QUEUE_OVERFLOW
0, 2, 4, 18, Round 84, QUEUE_OVERFLOW
0, 1, 4, 18, Round 84, QUEUE_OVERFLOW
0, 0, 4, 18, Round 84, QUEUE_OVERFLOW
1, 1, 4, 18, Round 75
1, 0, 4, 18, Round 75
0, 2, 4, 18, Round 85, QUEUE_OVERFLOW
0, 2, 4, 18, Round 86, QUEUE_OVERFLOW
0, 1, 4, 18, Round 86, QUEUE_OVERFLOW
0, 0, 4, 18, Round 86, QUEUE_OVERFLOW
1, 2, 4, 18, Round 76
0, 1, 4, 18, Round 87, QUEUE_OVERFLOW
1, 0, 4, 18, Round 77
0, 0, 4, 18, Round 88, QUEUE_OVERFLOW
1, 0, 4, 18, Round 78
0, 1, 4, 18, Round 88, QUEUE_OVERFLOW
1, 0, 4, 18, Round 79
0, 0, 4, 18, Round 89, QUEUE_OVERFLOW
0, 2, 4, 18, Round 89, QUEUE_OVERFLOW
0, 0, 4, 18, Round 90, QUEUE_OVERFLOW
1, 0, 4, 18, Round 80
0, 1, 4, 18, Round 90, QUEUE_OVERFLOW
1, 1, 4, 18, Round 82
0, 2, 4, 18, Round 91, QUEUE_OVERFLOW
0, 1, 4, 18, Round 91, QUEUE_OVERFLOW
1, 0, 4, 18, Round 82
0, 0, 4, 18, Round 92, QUEUE_OVERFLOW
0, 1, 4, 18, Round 92, QUEUE_OVERFLOW
1, 2, 4, 18, Round 83
0, 0, 4, 18, Round 93, QUEUE_OVERFLOW
0, 1, 4, 18, Round 93, QUEUE_OVERFLOW
1, 0, 4, 18, Round 85
0, 1, 4, 18, Round 94, QUEUE_OVERFLOW
0, 0, 4, 18, Round 94, QUEUE_OVERFLOW
0, 0, 4, 18, Round 95, QUEUE_OVERFLOW
0, 2, 4, 18, Round 95, QUEUE_OVERFLOW
0, 1, 4, 18, Round 95, QUEUE_OVERFLOW
1, 1, 4, 18, Round 85
1, 0, 4, 18, Round 87
0, 2, 4, 18, Round 96, QUEUE_OVERFLOW
1, 2, 4, 18, Round 87
0, 1, 4, 18, Round 97, QUEUE_OVERFLOW
0, 0, 4, 18, Round 97, QUEUE_OVERFLOW
0, 2, 4, 18, Round 98, QUEUE_OVERFLOW
0, 0, 4, 18, Round 98, QUEUE_OVERFLOW
1, 2, 4, 18, Round 88
0, 2, 4, 18, Round 99, QUEUE_OVERFLOW
0, 1, 4, 18, Round 99, QUEUE_OVERFLOW
0, 0, 4, 18, Round 99, QUEUE_OVERFLOW
1, 1, 4, 18, Round 89
1, 2, 4, 18, Round 90
0, 0, 4, 18, Round 100, QUEUE_OVERFLOW
0, 1, 4, 18, Round 101, QUEUE_OVERFLOW
1, 0, 4, 18, Round 91
0, 2, 4, 18, Round 101, QUEUE_OVERFLOW
0, 1, 4, 18, Round 102, QUEUE_OVERFLOW
0, 0, 4, 18, Round 102, QUEUE_OVERFLOW
1, 2, 4, 18, Round 92
0, 1, 4, 18, Round 103, QUEUE_OVERFLOW
0, 0, 4, 18, Round 103, QUEUE_OVERFLOW
0, 2, 4, 18, Round 103, QUEUE_OVERFLOW
1, 2, 4, 18, Round 93
0, 0, 4, 18, Round 104, QUEUE_OVERFLOW
0, 2, 4, 18, Round 104, QUEUE_OVERFLOW
1, 2, 4, 18, Round 94
0, 1, 4, 18, Round 105, QUEUE_OVERFLOW
0, 2, 4, 18, Round 105, QUEUE_OVERFLOW
1, 0, 4, 18, Round 96
1, 1, 4, 18, Round 96
0, 2, 4, 18, Round 106, QUEUE_OVERFLOW
0, 0, 4, 18, Round 107, QUEUE_OVERFLOW
0, 2, 4, 18, Round 107, QUEUE_OVERFLOW
1, 2, 4, 18, Round 97
0, 1, 4, 18, Round 108, QUEUE_OVERFLOW
0, 2, 4, 18, Round 108, QUEUE_OVERFLOW
0, 0, 4, 18, Round 108, QUEUE_OVERFLOW
1, 1, 4, 18, Round 98
1, 1, 4, 18, Round 100
0, 1, 4, 18, Round 109, QUEUE_OVERFLOW
0, 0, 4, 18, Round 110, QUEUE_OVERFLOW
1, 2, 4, 18, Round 100
0, 1, 4, 18, Round 110, QUEUE_OVERFLOW
0, 0, 4, 18, Round 111, QUEUE_OVERFLOW
0, 2, 4, 18, Round 111, QUEUE_OVERFLOW
1, 0, 4, 18, Round 101
0, 2, 4, 18, Round 112, QUEUE_OVERFLOW
0, 0, 4, 18, Round 112, QUEUE_OVERFLOW
0, 1, 4, 18, Round 112, QUEUE_OVERFLOW
1, 2, 4, 18, Round 102
1, 1, 4, 18, Round 104
0, 0, 4, 18, Round 113, QUEUE_OVERFLOW
0, 1, 4, 18, Round 114, QUEUE_OVERFLOW
0, 2, 4, 18, Round 114, QUEUE_OVERFLOW
0, 0, 4, 18, Round 114, QUEUE_OVERFLOW
1, 0, 4, 18, Round 105
1, 0, 4, 18, Round 106
0, 1, 4, 18, Round 115, QUEUE_OVERFLOW
0, 1, 4, 18, Round 116, QUEUE_OVERFLOW
0, 0, 4, 18, Round 116, QUEUE_OVERFLOW
1, 1, 4, 18, Round 106
0, 1, 4, 18, Round 117, QUEUE_OVERFLOW
1, 1, 4, 18, Round 107
0, 0, 4, 18, Round 117, QUEUE_OVERFLOW
0, 0, 4, 18, Round 118, QUEUE_OVERFLOW
1, 0, 4, 18, Round 109
0, 1, 4, 18, Round 118, QUEUE_OVERFLOW
1, 2, 4, 18, Round 109
0, 1, 4, 18, Round 119, QUEUE_OVERFLOW
0, 2, 4, 18, Round 119, QUEUE_OVERFLOW
1, 2, 4, 18, Round 110
0, 1, 4, 18, Round 120, QUEUE_OVERFLOW
0, 2, 4, 18, Round 120, QUEUE_OVERFLOW
0, 1, 4, 18, Round 121, QUEUE_OVERFLOW
0, 2, 4, 18, Round 121, QUEUE_OVERFLOW
0, 0, 4, 18, Round 121, QUEUE_OVERFLOW
1, 1, 4, 18, Round 111
0, 2, 4, 18, Round 122, QUEUE_OVERFLOW
1, 1, 4, 18, Round 113
0, 0, 4, 18, Round 123, QUEUE_OVERFLOW
0, 2, 4, 18, Round 123, QUEUE_OVERFLOW
1, 2, 4, 18, Round 113
0, 1, 4, 18, Round 124, QUEUE_OVERFLOW
1, 0, 4, 18, Round 115
0, 2, 4, 18, Round 124, QUEUE_OVERFLOW
0, 2, 4, 18, Round 125, QUEUE_OVERFLOW
1, 2, 4, 18, Round 115
0, 0, 4, 18, Round 125, QUEUE_OVERFLOW
0, 1, 4, 18, Round 126, QUEUE_OVERFLOW
1, 2, 4, 18, Round 116
0, 0, 4, 18, Round 126, QUEUE_OVERFLOW
0, 0, 4, 18, Round 127, QUEUE_OVERFLOW
0, 2, 4, 18, Round 127, QUEUE_OVERFLOW
0, 1, 4, 18, Round 127, QUEUE_OVERFLOW
1, 2, 4, 18, Round 117
1, 2, 4, 18, Round 118
0, 1, 4, 18, Round 128, QUEUE_OVERFLOW
1, 0, 4, 18, Round 119
0, 0, 4, 18, Round 129, QUEUE_OVERFLOW
0, 2, 4, 18, Round 129, QUEUE_OVERFLOW
0, 1, 4, 18, Round 130, QUEUE_OVERFLOW
1, 0, 4, 18, Round 120
0, 0, 4, 18, Round 130, QUEUE_OVERFLOW
0, 2, 4, 18, Round 131, QUEUE_OVERFLOW
0, 1, 4, 18, Round 131, QUEUE_OVERFLOW
0, 0, 4, 18, Round 131, QUEUE_OVERFLOW
1, 0, 4, 18, Round 122
0, 1, 4, 18, Round 132, QUEUE_OVERFLOW
0, 2, 4, 18, Round 132, QUEUE_OVERFLOW
1, 1, 4, 18, Round 122
1, 1, 4, 18, Round 123
0, 2, 4, 18, Round 133, QUEUE_OVERFLOW
0, 2, 4, 18, Round 134, QUEUE_OVERFLOW
0, 0, 4, 18, Round 134, QUEUE_OVERFLOW
1, 0, 4, 18, Round 124
1, 1, 4, 18, Round 125
0, 1, 4, 18, Round 135, QUEUE_OVERFLOW
0, 0, 4, 18, Round 135, QUEUE_OVERFLOW
1, 2, 4, 18, Round 126
0, 0, 4, 18, Round 136, QUEUE_OVERFLOW
0, 2, 4, 18, Round 136, QUEUE_OVERFLOW
1, 0, 4, 18, Round 128
0, 2, 4, 18, Round 137, QUEUE_OVERFLOW
0, 1, 4, 18, Round 137, QUEUE_OVERFLOW
1, 2, 4, 18, Round 128
0, 0, 4, 18, Round 138, QUEUE_OVERFLOW
0, 1, 4, 18, Round 138, QUEUE_OVERFLOW
0, 1, 4, 18, Round 139, QUEUE_OVERFLOW
0, 0, 4, 18, Round 139, QUEUE_OVERFLOW
0, 2, 4, 18, Round 139, QUEUE_OVERFLOW
1, 1, 4, 18, Round 129
0, 1, 4, 18, Round 140, QUEUE_OVERFLOW
1, 2, 4, 18, Round 130
0, 0, 4, 18, Round 141, QUEUE_OVERFLOW
0, 2, 4, 18, Round 141, QUEUE_OVERFLOW
1, 0, 4, 18, Round 132
1, 0, 4, 18, Round 133
0, 1, 4, 18, Round 142, QUEUE_OVERFLOW
0, 0, 4, 18, Round 142, QUEUE_OVERFLOW
0, 0, 4, 18, Round 143, QUEUE_OVERFLOW
0, 2, 4, 18, Round 143, QUEUE_OVERFLOW
1, 1, 4, 18, Round 133
0, 2, 4, 18, Round 144, QUEUE_OVERFLOW
0, 0, 4, 18, Round 144, QUEUE_OVERFLOW
0, 1, 4, 18, Round 144, QUEUE_OVERFLOW
1, 1, 4, 18, Round 134
1, 2, 4, 18, Round 135
0, 2, 4, 18, Round 145, QUEUE_OVERFLOW
0, 0, 4, 18, Round 146, QUEUE_OVERFLOW
1, 1, 4, 18, Round 136
0, 1, 4, 18, Round 146, QUEUE_OVERFLOW
1, 0, 4, 18, Round 137
0, 2, 4, 18, Round 147, QUEUE_OVERFLOW
0, 0, 4, 18, Round 147, QUEUE_OVERFLOW
0, 0, 4, 18, Round 148, QUEUE_OVERFLOW
1, 2, 4, 18, Round 138
0, 2, 4, 18, Round 148, QUEUE_OVERFLOW
0, 2, 4, 18, Round 149, QUEUE_OVERFLOW
1, 0, 4, 18, Round 140
0, 1, 4, 18, Round 149, QUEUE_OVERFLOW
1, 2, 4, 18, Round 140
0, 1, 4, 18, Round 150, QUEUE_OVERFLOW
0, 0, 4, 18, Round 150, QUEUE_OVERFLOW
1, 1, 4, 18, Round 141
0, 0, 4, 18, Round 151, QUEUE_OVERFLOW
0, 2, 4, 18, Round 151, QUEUE_OVERFLOW
0, 1, 4, 18, Round 152, QUEUE_OVERFLOW
0, 0, 4, 18, Round 152, QUEUE_OVERFLOW
1, 2, 4, 18, Round 142
0, 0, 4, 18, Round 153, QUEUE_OVERFLOW
1, 1, 4, 18, Round 143
0, 2, 4, 18, Round 153, QUEUE_OVERFLOW
0, 1, 4, 18, Round 154, QUEUE_OVERFLOW
0, 2, 4, 18, Round 154, QUEUE_OVERFLOW
1, 0, 4, 18, Round 145
0, 1, 4, 18, Round 155, QUEUE_OVERFLOW
1, 1, 4, 18, Round 145
0, 0, 4, 18, Round 155, QUEUE_OVERFLOW
0, 1, 4, 18, Round 156, QUEUE_OVERFLOW
0, 2, 4, 18, Round 156, QUEUE_OVERFLOW
1, 2, 4, 18, Round 146
0, 1, 4, 18, Round 157, QUEUE_OVERFLOW
0, 2, 4, 18, Round 157, QUEUE_OVERFLOW
0, 0, 4, 18, Round 157, QUEUE_OVERFLOW
1, 1, 4, 18, Round 147
0, 0, 4, 18, Round 158, QUEUE_OVERFLOW
1, 1, 4, 18, Round 148
0, 1, 4, 18, Round 159, QUEUE_OVERFLOW
0, 0, 4, 18, Round 159, QUEUE_OVERFLOW
1, 0, 4, 18, Round 149
1, 2, 4, 18, Round 150
0, 0, 4, 18, Round 160, QUEUE_OVERFLOW
0, 1, 4, 18, Round 160, QUEUE_OVERFLOW
1, 1, 4, 18, Round 151
0, 1, 4, 18, Round 161, QUEUE_OVERFLOW
0, 2, 4, 18, Round 161, QUEUE_OVERFLOW
0, 0, 4, 18, Round 162, QUEUE_OVERFLOW
0, 1, 4, 18, Round 162, QUEUE_OVERFLOW
0, 2, 4, 18, Round 162, QUEUE_OVERFLOW
1, 2, 4, 18, Round 152
1, 1, 4, 18, Round 153
0, 1, 4, 18, Round 163, QUEUE_OVERFLOW
0, 1, 4, 18, Round 164, QUEUE_OVERFLOW
0, 0, 4, 18, Round 164, QUEUE_OVERFLOW
1, 0, 4, 18, Round 154
0, 0, 4, 18, Round 165, QUEUE_OVERFLOW
1, 2, 4, 18, Round 155
0, 2, 4, 18, Round 165, QUEUE_OVERFLOW
0, 1, 4, 18, Round 166, QUEUE_OVERFLOW
0, 2, 4, 18, Round 166, QUEUE_OVERFLOW
1, 0, 4, 18, Round 156
0, 0, 4, 18, Round 167, QUEUE_OVERFLOW
0, 1, 4, 18, Round 167, QUEUE_OVERFLOW
1, 1, 4, 18, Round 158
0, 1, 4, 18, Round 168, QUEUE_OVERFLOW
0, 2, 4, 18, Round 168, QUEUE_OVERFLOW
0, 0, 4, 18, Round 168, QUEUE_OVERFLOW
1, 2, 4, 18, Round 158
0, 2, 4, 18, Round 169, QUEUE_OVERFLOW
0, 1, 4, 18, Round 169, QUEUE_OVERFLOW
1, 2, 4, 18, Round 159
0, 0, 4, 18, Round 170, QUEUE_OVERFLOW
0, 2, 4, 18, Round 170, QUEUE_OVERFLOW
1, 2, 4, 18, Round 160
0, 0, 4, 18, Round 171, QUEUE_OVERFLOW
0, 1, 4, 18, Round 171, QUEUE_OVERFLOW
1, 0, 4, 18, Round 161
1, 0, 4, 18, Round 163
0, 1, 4, 18, Round 172, QUEUE_OVERFLOW
1, 2, 4, 18, Round 163
0, 1, 4, 18, Round 173, QUEUE_OVERFLOW
0, 2, 4, 18, Round 173, QUEUE_OVERFLOW
1, 2, 4, 18, Round 164
0, 2, 4, 18, Round 174, QUEUE_OVERFLOW
0, 1, 4, 18, Round 174, QUEUE_OVERFLOW
0, 2, 4, 18, Round 175, QUEUE_OVERFLOW
0, 0, 4, 18, Round 175, QUEUE_OVERFLOW
0, 1, 4, 18, Round 175, QUEUE_OVERFLOW
1, 1, 4, 18, Round 165
1, 0, 4, 18, Round 166
0, 1, 4, 18, Round 176, QUEUE_OVERFLOW
0, 0, 4, 18, Round 177, QUEUE_OVERFLOW
0, 1, 4, 18, Round 177, QUEUE_OVERFLOW
1, 2, 4, 18, Round 167
0, 2, 4, 18, Round 178, QUEUE_OVERFLOW
0, 1, 4, 18, Round 178, QUEUE_OVERFLOW
1, 0, 4, 18, Round 169
0, 0, 4, 18, Round 179, QUEUE_OVERFLOW
1, 1, 4, 18, Round 170
0, 2, 4, 18, Round 179, QUEUE_OVERFLOW
0, 1, 4, 18, Round 180, QUEUE_OVERFLOW
0, 2, 4, 18, Round 180, QUEUE_OVERFLOW
0, 0, 4, 18, Round 180, QUEUE_OVERFLOW
1, 2, 4, 18, Round 171
1, 0, 4, 18, Round 172
0, 1, 4, 18, Round 181, QUEUE_OVERFLOW
0, 1, 4, 18, Round 182, QUEUE_OVERFLOW
1, 2, 4, 18, Round 172
0, 2, 4, 18, Round 182, QUEUE_OVERFLOW
0, 2, 4, 18, Round 183, QUEUE_OVERFLOW
0, 0, 4, 18, Round 183, QUEUE_OVERFLOW
1, 0, 4, 18, Round 173
0, 2, 4, 18, Round 184, QUEUE_OVERFLOW
0, 1, 4, 18, Round 184, QUEUE_OVERFLOW
0, 0, 4, 18, Round 184, QUEUE_OVERFLOW
1, 0, 4, 18, Round 174
0, 0, 4, 18, Round 185, QUEUE_OVERFLOW
1, 0, 4, 18, Round 176
0, 2, 4, 18, Round 186, QUEUE_OVERFLOW
0, 0, 4, 18, Round 186, QUEUE_OVERFLOW
0, 1, 4, 18, Round 186, QUEUE_OVERFLOW
1, 2, 4, 18, Round 176
0, 2, 4, 18, Round 187, QUEUE_OVERFLOW
0, 0, 4, 18, Round 187, QUEUE_OVERFLOW
1, 2, 4, 18, Round 177
0, 0, 4, 18, Round 188, QUEUE_OVERFLOW
0, 1, 4, 18, Round 188, QUEUE_OVERFLOW
1, 0, 4, 18, Round 178
0, 1, 4, 18, Round 189, QUEUE_OVERFLOW
0, 0, 4, 18, Round 189, QUEUE_OVERFLOW
1, 1, 4, 18, Round 179
0, 2, 4, 18, Round 190, QUEUE_OVERFLOW
1, 2, 4, 18, Round 181
1, 0, 4, 18, Round 181
0, 0, 4, 18, Round 191, QUEUE_OVERFLOW
0, 1, 4, 18, Round 191, QUEUE_OVERFLOW
0, 0, 4, 18, Round 192, QUEUE_OVERFLOW
1, 0, 4, 18, Round 182
0, 1, 4, 18, Round 192, QUEUE_OVERFLOW
0, 0, 4, 18, Round 193, QUEUE_OVERFLOW
0, 1, 4, 18, Round 193, QUEUE_OVERFLOW
0, 2, 4, 18, Round 193, QUEUE_OVERFLOW
1, 1, 4, 18, Round 183
1, 2, 4, 18, Round 185
0, 2, 4, 18, Round 194, QUEUE_OVERFLOW
1, 1, 4, 18, Round 185
0, 1, 4, 18, Round 195, QUEUE_OVERFLOW
0, 0, 4, 18, Round 195, QUEUE_OVERFLOW
1, 1, 4, 18, Round 187
0, 2, 4, 18, Round 196, QUEUE_OVERFLOW
0, 1, 4, 18, Round 196, QUEUE_OVERFLOW
1, 2, 4, 18, Round 188
0, 1, 4, 18, Round 197, QUEUE_OVERFLOW
0, 2, 4, 18, Round 197, QUEUE_OVERFLOW
0, 0, 4, 18, Round 198, QUEUE_OVERFLOW
1, 2, 4, 18, Round 189
0, 2, 4, 18, Round 198, QUEUE_OVERFLOW
0, 2, 4, 18, Round 199, QUEUE_OVERFLOW
1, 0, 4, 18, Round 190
0, 1, 4, 18, Round 199, QUEUE_OVERFLOW
